{"max": [7.95, 4.62838, 14.5934], "centroid": [-0.015861668008950242, 1.438357493848775, 6.619461220140903], "id": "1021a0914a7207aff927ed529ad90a11", "numVertices": 2235, "min": [-7.95, 0.0, 1.49012e-08]}
